<?xml version="1.0" encoding="utf-8"?>

<Icon version="1" width="320" height="320" screenWidth="1080" frameRate="0" useVariableUpdater="DateTime.Hour">
  <ExternalCommands/>
  <VariableBinders>
    <!-- MIUI天气代码 -->

    <ContentProviderBinder name="weather" columns="temperature" countName="hasweather" dependency="selected_city" uri="content://weather/weather">
      <Variable name="w_tem" type="int" column="temperature" />
    </ContentProviderBinder>
  </VariableBinders>
  <Image x="180" y="180" align="center" alignV="center" src="light.png" />
  <Text x="121" y="211" color="#ffffff" align="center" alignV="center" textExp="#w_tem+&apos;°&apos;" size="54" />
</Icon>