<?xml version="1.0" encoding="utf-8"?>
<Icon version="1" frameRate="1" width="252" height="252" screenWidth="1080" resDensity="480" extraResourcesDensity="320,440,480" extraResources="sw1536-den320:den440:1,sw1200-den320:den320:1" extraScaleByDensity="320:0.7262,440:1" extraScales="sw1536-den320:1,sw1200-den320:0.7262">
    <Var name="SIZE" expression="252" const="true"/>
    <!-- control -->
    <ExternalCommands>
        <!-- 首次使用主题、解锁、返回桌面连续按home键切屏时，将动画播放到最后一帧 -->
        <Trigger action="init,present,back_home_cancel">
            <FolmeCommand target="bg" states="'state_end'" command="setTo" config="'state_config'" />
        </Trigger>
        <!-- 退出APP返回桌面的瞬间 -->
        <Trigger action="back_home_start">
            <FolmeCommand target="bg" states="'state_init'" command="setTo" config="'state_config'"/>
        </Trigger>
        <!-- 退出APP回到桌面 -->
        <Trigger action="back_home_finish">
            <FolmeCommand target="bg" states="'state_init','state_end'" command="fromTo" config="'state_config'" />
        </Trigger>
    </ExternalCommands>
    <!-- module -->
    <FolmeState name="state_init" rotation="45" scaleX="1.5" scaleY="1.5"/>
    <FolmeState name="state_end" rotation="0" scaleX="1" scaleY="1"/>
    <FolmeConfig name="state_config" property="rotation,scaleX,scaleY" ease="-2,0.95,0.8" fromSpeed="0"/>
    <!-- view -->
    <Image name="bg" src="bg.png" x="#SIZE/2" y="#SIZE/2" align="center" alignV="center" pivotX="126" pivotY="126" />
</Icon>