<?xml version="1.0" encoding="utf-8"?>
<Icon version="1" width="182" height="182" screenWidth="1080" frameRate="0">
	<VariableBinders>
		<SensorBinder type="orientation" rate="60">
			<Variable name="d" index="0" easeType="Cubic" />
		</SensorBinder>
		<BroadcastBinder action="launcher_clock">
			<Variable name="compass_anim" type="number" extra="compass_anim" />
		</BroadcastBinder>
	</VariableBinders>
	<Image x="91" y="91" align="center" alignV="center" src="b.png" visibility="#compass_anim==1" />
	<Image name="a" x="91" y="91" pivotX="#a.bmp_width/2" pivotY="#a.bmp_height/2" rotation="-1*#d" align="center" alignV="center" src="a.png" visibility="#compass_anim==1" />
	<Image x="91" y="91" align="center" alignV="center" src="c.png" visibility="#compass_anim==0" />
</Icon>