<?xml version="1.0" encoding="utf-8"?>
<Icon version="1" frameRate="0" width="252" height="252" screenWidth="1080" resDensity="480" extraResourcesDensity="320,440,480" useVariableUpdater="DateTime.Minute" extraResources="sw1536-den320:den440:1,sw1200-den320:den320:1" extraScaleByDensity="320:0.7262,440:1" extraScales="sw1536-den320:1,sw1200-den320:0.7262">
	
	<Var name="SIZE" expression="252" const="true"/>
	<Var name="hour_angle_raw" expression="#hour12 * 30 + #minute/2"/>
	<Var name="minute_angle_raw" expression="-135 + #minute * 6"/>
    <Var name="needSet" expression="1"/>

	<Var expression="#minute" threshold="1">
		<Trigger condition="#needSet">
            <FrameRateCommand rate="60"/>
            <VariableCommand name="needSet" expression="0" />
            <VariableCommand name="needSet"  expression="1" delay="50"/>
			<FrameRateCommand rate="0" delay="50"/>   
			<FolmeCommand target="h" states="'h_state_end'" command="setTo" config="'state_config'" />
			<FolmeCommand target="m" states="'m_state_end'" command="setTo" config="'state_config'" />
		</Trigger>
	</Var>
	<!-- control -->
	<ExternalCommands>
		<!-- 首次使用主题、解锁、返回桌面连续按home键切屏时，将动画播放到最后一帧 -->
		<Trigger action="init,present,back_home_cancel">
            <FrameRateCommand rate="60"/>
            <FrameRateCommand rate="0" delay="50"/>  
			<FolmeCommand target="h" states="'h_state_end'" command="setTo" config="'state_config'" />
			<FolmeCommand target="m" states="'m_state_end'" command="setTo" config="'state_config'" />
		</Trigger>
		<!-- 退出APP返回桌面的瞬间 -->
		<Trigger action="back_home_start">
			<FrameRateCommand rate="60"/>
            <VariableCommand name="needSet" expression="0" />

			<FolmeCommand target="h" states="'h_state_init'" command="setTo" config="'state_config'" />
			<FolmeCommand target="m" states="'m_state_init'" command="setTo" config="'state_config'" />
		</Trigger>
		<!-- 退出APP回到桌面 -->
		<Trigger action="back_home_finish">
		  <FrameRateCommand rate="0" delay="1200"/>
            <VariableCommand name="needSet"  expression="1" delay="1200"/>
	      <FolmeCommand target="h" states="'h_state_init','h_state_end'" command="fromTo" config="'state_config'" />
		  <FolmeCommand target="m" states="'m_state_init','m_state_end'" command="fromTo" config="'state_config'" />
		</Trigger>
	</ExternalCommands>
	<!-- module -->
	<FolmeState name="h_state_init" rotation="#hour_angle_raw - 360/12"/>
	<FolmeState name="h_state_end" rotation="#hour_angle_raw"/>

	<FolmeState name="m_state_init" rotation="#minute_angle_raw - 180"/>
	<FolmeState name="m_state_end" rotation="#minute_angle_raw"/>

	<FolmeConfig name="state_config" property="rotation" ease="6,1000" fromSpeed="0"/>
	<!-- view -->
	
	<Group x="(#SIZE-252)/2-0.3" y="(#SIZE-252)/2-0.3">
		<Image src="bg.png" x="126" y="126" align="center" alignV="center"/>
		<Group name="m" pivotX="126" pivotY="126">
			<Image src="minute.png" x="126" y="126" align="center" alignV="center" folmeMode="true"/>
		</Group>
		<Group name="h" pivotX="126" pivotY="126">
			<Image src="hour.png" x="126" y="126" align="center" alignV="center" folmeMode="true"/>
		</Group>
	</Group>
</Icon>
