<?xml version="1.0" encoding="utf-8"?>

<!--日历代码由酷安@JellyBeans编写，请勿抄袭，负法律责任-->
<!--日历代码由酷安@JellyBeans编写，请勿抄袭，负法律责任-->
<!--日历代码由酷安@JellyBeans编写，请勿抄袭，负法律责任-->

<Icon height="268" resDensity="480" screenWidth="1080" type="awesome" useVariableUpdater="DateTime.Day" version="1" width="268">
  <ExternalCommands>
    <Trigger action="init,present,back_home_cancel">
      <VariableCommand expression="0" name="useQuietImage"/>
      <AnimationCommand command="play(750,750)" target="iconAni" targetIndex="0"/>
    </Trigger>
    <Trigger action="back_home_start">
      <VariableCommand expression="0" name="useQuietImage"/>
      <AnimationCommand command="play(0,0)" target="iconAni" targetIndex="0"/>
    </Trigger>
    <Trigger action="back_home_finish">
      <VariableCommand expression="0" name="useQuietImage"/>
      <AnimationCommand command="play(0,750)" target="iconAni" targetIndex="0"/>
      <AnimationCommand command="play" target="panel_framerate_controller"/>
    </Trigger>
  </ExternalCommands>
  <VariableBinders>
    <ContentProviderBinder columns="weather_type,temperature" countName="hasweather" uri="content://weather/actualWeatherData/1">
      <Variable column="temperature" name="weather_temperature" type="number"/>
      <Variable column="weather_type" name="weather_id" type="number"/>
      <Trigger>
        <VariableCommand expression="ifelse(#weather_id}25||#weather_id{0,0, (#weather_id}=4**#weather_id{=6||#weather_id}=8**#weather_id{=11||#weather_id==25),4,#weather_id}=13**#weather_id{=17,13 ,#weather_id}=18**#weather_id{=21||#weather_id==23,18,#weather_id)" name="weather_id"/>
      </Trigger>
    </ContentProviderBinder>
  </VariableBinders>
  <FramerateController initPause="true" loop="false" name="panel_framerate_controller">
    <ControlPoint frameRate="0" time="0"/>
    <ControlPoint frameRate="60" time="1"/>
    <ControlPoint frameRate="60" time="2500"/>
    <ControlPoint frameRate="0" time="2501"/>
  </FramerateController>
  <Var name="iconAni">
    <VariableAnimation delay="0" initPause="true" loop="false">
      <AniFrame easeType="QuadEaseOut" time="0" value="0"/>
      <AniFrame time="750" value="1"/>
    </VariableAnimation>
  </Var>
  <Image align="center" alignV="center" src="com.android.calendarbg.png" x="134" y="134"/>
  <Group clip="true" h="243" w="268">
    <DateTime align="center" alignV="center" alpha="255*#iconAni" color="#5277ff" fontFamily="miui-bold" format="EEEE" size="32" x="134" y="70+25*#iconAni"/>
    <DateTime align="center" alignV="center" alpha="255*#iconAni" color="#000000" fontFamily="miui-bold" format="d" size="72" x="134" y="298-140*#iconAni"/>
  </Group>
</Icon>
