<?xml version="1.0" encoding="utf-8"?>
<Icon version="1" frameRate="0" width="268" height="268" screenWidth="1080" resDensity="480" scaleByDensity="false">
    <ExternalCommands>
        <Trigger action="init,present,back_home_cancel" >
            <VariableCommand name="useQuietImage" expression="1"/>
            <AnimationCommand target="iconAni" targetIndex="0" command="play(1000,1000)"/>
            <AnimationCommand target="iconAni2" targetIndex="0" command="play(1000,1000)"/>
            <AnimationCommand target="iconAni3" targetIndex="0" command="play(1000,1000)"/>
            <AnimationCommand target="iconAni4" targetIndex="0" command="play(1000,1000)"/>
        </Trigger>
    	<Trigger action="back_home_start">
            <VariableCommand name="useQuietImage" expression="0"/>
            <AnimationCommand target="iconAni" targetIndex="0" command="play(0,0)"/>
            <AnimationCommand target="iconAni2" targetIndex="0" command="play(0,0)"/>
            <AnimationCommand target="iconAni3" targetIndex="0" command="play(0,0)"/>
            <AnimationCommand target="iconAni4" targetIndex="0" command="play(0,0)"/>
    	</Trigger>
        <Trigger action="back_home_finish">
            <VariableCommand name="useQuietImage" expression="0"/>
            <AnimationCommand target="iconAni" targetIndex="0" command="play(0,1000)"/>
            <AnimationCommand target="iconAni2" targetIndex="0" command="play(0,1000)"/>
            <AnimationCommand target="iconAni3" targetIndex="0" command="play(0,1000)"/>
            <AnimationCommand target="iconAni4" targetIndex="0" command="play(0,1000)"/>
            <AnimationCommand target="panel_framerate_controller" command="play"/>
        </Trigger>
    </ExternalCommands>
	<FramerateController name="panel_framerate_controller" initPause="true" loop="false">
        <ControlPoint frameRate="0" time="0"/>
        <ControlPoint frameRate="60" time="1"/>
        <ControlPoint frameRate="60" time="2500"/>
        <ControlPoint frameRate="0" time="2501"/>
    </FramerateController>
		<Var name="iconAni">
			<VariableAnimation name="iconAnimation" initPause="true" loop="false">
				<AniFrame value="0" time="0" easeType="QuadEaseOut"/>
				<AniFrame value="1" time="1000"/>
				<Triggers>
					<Trigger action="end" condition="#iconAnimation.current_frame == 1000">
						<VariableCommand name="useQuietImage" expression="1"/>
					</Trigger>
				</Triggers>
			</VariableAnimation>
		</Var>
		<Var name="iconAni2">
			<VariableAnimation name="iconAnimation2" initPause="true" loop="false">
				<AniFrame value="0" time="0" easeType="QuadEaseOut"/>
				<AniFrame value="1" time="750"/>
				<AniFrame value="0" time="1000"/>
			</VariableAnimation>
		</Var>
		<Var name="iconAni3">
			<VariableAnimation name="iconAnimation3" initPause="true" loop="false">
				<AniFrame value="0" time="800" easeType="QuadEaseOut"/>
				<AniFrame value="1" time="1000"/>
			</VariableAnimation>
		</Var>
		<Var name="iconAni4">
			<VariableAnimation name="iconAnimation4" initPause="true" loop="false">
				<AniFrame value="0" time="0" easeType="QuadEaseOut"/>
				<AniFrame value="1" time="200"/>
				<AniFrame value="0" time="500"/>
			</VariableAnimation>
		</Var>
    <!--
        scale="2-#iconAni" rotation="180-180*#iconAni"
    -->
    <Image x="134" y="134" pivotX="134" pivotY="134" align="center" alignV="center" src="com.android.camera.png" />
	<Group w="268" h="268" clip="true" layered="true">
	<Image name="image1" x="134" y="134+5*#iconAni4" pivotX="134" pivotY="134" align="center" alignV="center"  alpha="255" src="com.android.camera1.png" />
	<Image name="image2" x="134" y="134" pivotX="134" pivotY="134" align="center" alignV="center"  alpha="255*#iconAni" src="com.android.camera2.png"/>
	<Image name="image3" x="134" y="134" pivotX="134" pivotY="138" align="center" alignV="center" alpha="255*#iconAni" src="com.android.camera3.png" scale="1-0.4*#iconAni2"/>
	<Image name="image4" x="134" y="134" pivotX="134" pivotY="134" align="center" alignV="center" alpha="255*#iconAni3" src="com.android.camera4.png" />
	<Image x="134" y="134" pivotX="134" pivotY="134" align="center" alignV="center" src="com.android.camera.png" xfermode="dst_atop"/>
</Group>
</Icon>