<?xml version="1.0" encoding="utf-8"?>
<Icon version="1" frameRate="60" width="252" height="252" screenWidth="1080" resDensity="480" extraResourcesDensity="320,440,480" extraResources="sw1536-den320:den440:1,sw1200-den320:den320:1" extraScaleByDensity="320:0.7262,440:1" extraScales="sw1536-den320:1,sw1200-den320:0.7262">
	<Var name="SIZE" expression="252" const="true"/>
	<!-- control -->
	<ExternalCommands>
		<!-- 首次使用主题、解锁、返回桌面连续按home键切屏时，将动画播放到最后一帧 -->
		<Trigger action="init,present,back_home_cancel">
			<FolmeCommand target="icon" states="'state_end'" command="setTo" config="'state_config'" />
		</Trigger>
		<!-- 退出APP返回桌面的瞬间 -->
		<Trigger action="back_home_start">
			<FolmeCommand target="icon" states="'state_init'" command="setTo" config="'state_config'"/>
		</Trigger>
		<!-- 退出APP回到桌面 -->
		<Trigger action="back_home_finish">
			<FolmeCommand target="icon" states="'state_init','state_end'" command="fromTo" config="'state_config'" delay="200" />
		</Trigger>
	</ExternalCommands>
	<!-- module -->
	<FolmeState name="state_init" rotationX="89" />
	<FolmeState name="state_end"  rotationX="0" />
	<FolmeConfig name="state_config" property="rotationX" ease="-2,0.9,1" fromSpeed="0"/>
	<!-- view -->
	<Group x="(#SIZE-252)/2-0.3" y="(#SIZE-252)/2-0.3">
		<Image src="shadow.png"  x="48" y="62" />
		<Image src="bg.png"  x="75" y="87" />
		<Image name="icon"  src="fg.png"  x="76" y="87" folmeMode="true" pivotX="50" pivotY="0"/>
	</Group>
</Icon>