<?xml version="1.0" encoding="utf-8"?>
<Icon version="1" frameRate="0" width="268" height="268" screenWidth="1080" resDensity="480" scaleByDensity="false">
    <ExternalCommands>
        <Trigger action="init,present,back_home_cancel" >
            <VariableCommand name="useQuietImage" expression="1"/>
            <AnimationCommand target="iconAni" targetIndex="0" command="play(1000,1000)"/>
            <AnimationCommand target="iconAni2" targetIndex="0" command="play(1000,1000)"/>
        </Trigger>
    	<Trigger action="back_home_start">
            <VariableCommand name="useQuietImage" expression="0"/>
            <AnimationCommand target="iconAni" targetIndex="0" command="play(0,0)"/>
            <AnimationCommand target="iconAni2" targetIndex="0" command="play(0,0)"/>
    	</Trigger>
        <Trigger action="back_home_finish">
            <VariableCommand name="useQuietImage" expression="0"/>
            <AnimationCommand target="iconAni" targetIndex="0" command="play(0,1000)"/>
            <AnimationCommand target="iconAni2" targetIndex="0" command="play(0,1000)"/>
            <AnimationCommand target="panel_framerate_controller" command="play"/>
        </Trigger>
    </ExternalCommands>
	<FramerateController name="panel_framerate_controller" initPause="true" loop="false">
        <ControlPoint frameRate="0" time="0"/>
        <ControlPoint frameRate="60" time="1"/>
        <ControlPoint frameRate="60" time="2500"/>
        <ControlPoint frameRate="0" time="2501"/>
    </FramerateController>
		<Var name="iconAni">
			<VariableAnimation name="iconAnimation" initPause="true" loop="false">
				<AniFrame value="0" time="0" easeType="QuadEaseOut"/>
				<AniFrame value="1" time="750"/>

			</VariableAnimation>
		</Var>
				<Var name="iconAni2">
			<VariableAnimation name="iconAnimation2" initPause="true" loop="false">
				<AniFrame value="0" time="0" easeType="BackEaseOut(2.0)"/>
				<AniFrame value="1" time="1000"/>
                                <Triggers>
                    <Trigger action="end" condition="#iconAnimation.current_frame == 1000">
                        <VariableCommand name="useQuietImage" expression="1"/>
                    </Trigger>
                </Triggers>
			</VariableAnimation>
		</Var>

    <!--
        scale="2-#iconAni" rotation="180-180*#iconAni"
    -->
<Group w="268" h="268" clip="true" layered="true">
    <Image name="image2" x="134" y="134" pivotX="165" pivotY="180" align="center" alignV="center" alpha="255*#iconAni" src="com.android.mms2.png" scale="#iconAni"/>
	<Image name="image1" x="108" y="90+44*#iconAni2" pivotX="134" pivotY="134" align="center" alignV="center"  alpha="255*#iconAni" src="com.android.mms1.png" />
    <Image name="image1" x="134" y="134*#iconAni2" pivotX="134" pivotY="134" align="center" alignV="center"  alpha="255*#iconAni" src="com.android.mms1.png" />
    <Image name="image1" x="160" y="154-40*#iconAni2" pivotX="134" pivotY="134" align="center" alignV="center"  alpha="255*#iconAni" src="com.android.mms1.png" />



</Group>
</Icon>