<?xml version="1.0" encoding="utf-8"?>
<Icon version="1" frameRate="60" width="252" height="252" screenWidth="1080" resDensity="480" extraResourcesDensity="320,440,480" extraResources="sw1536-den320:den440:1,sw1200-den320:den320:1" extraScaleByDensity="320:0.7262,440:1" extraScales="sw1536-den320:1,sw1200-den320:0.7262">
	<Var name="SIZE" expression="252" const="true"/>
	<!-- control -->
	<ExternalCommands>
		<!-- 首次使用主题、解锁、返回桌面连续按home键切屏时，将动画播放到最后一帧 -->
		<Trigger action="init,present,back_home_cancel">
			<FolmeCommand target="ear_l" states="'state_end'" command="setTo" config="'state_config'" />
			<FolmeCommand target="ear_r" states="'state_end'" command="setTo" config="'state_config'" />
			<FolmeCommand target="whole" states="'whole_state_end'" command="setTo" config="'state_config'" />
		</Trigger>
		<!-- 退出APP返回桌面的瞬间 -->
		<Trigger action="back_home_start">
			<FolmeCommand target="ear_l" states="'state_init'" command="setTo" config="'state_config'"/>
			<FolmeCommand target="ear_r" states="'state_init'" command="setTo" config="'state_config'"/>
			<FolmeCommand target="whole" states="'whole_state_init'" command="setTo" config="'state_config'"/>
		</Trigger>
		<!-- 退出APP回到桌面 -->
		<Trigger action="back_home_finish">
			<FolmeCommand target="ear_l" states="'state_init','state_end'" command="fromTo" config="'state_config'" delay="300"/>
			<FolmeCommand target="ear_r" states="'state_init','state_end'" command="fromTo" config="'state_config'" delay="300"/>
			<FolmeCommand target="whole" states="'whole_state_init','whole_state_end'" command="fromTo" config="'state_config'" />
		</Trigger>
	</ExternalCommands>
	<!-- module -->
	<FolmeState name="whole_state_init" x="20*#ratio" rotation="30*#ratio"/>
	<FolmeState name="whole_state_end" x="0" rotation="0"/>
	<FolmeState name="state_init" rotation="60*#ratio"/>
	<FolmeState name="state_end" rotation="0"/>
	<FolmeConfig name="state_config" property="x,rotation" ease="-2,0.5,0.8" fromSpeed="0"/>
	<!-- view -->
	<Group x="(#SIZE-252)/2-0.3" y="(#SIZE-252)/2-0.3">
		<Group name="whole" pivotX="126" pivotY="126" folmeMode="true">
			<Image name="ear_r" src="ear_r.png" x="148" y="79" pivotX="162-148" pivotY="100-79" folmeMode="true" />
			<Image name="ear_l" src="ear_l.png" x="67" y="79" pivotX="91-67" pivotY="100-79" folmeMode="true" />
			<Image src="head.png" x="76" y="86" />
		</Group>
	</Group>
</Icon>