<?xml version="1.0" encoding="utf-8"?>
<Icon version="1" frameRate="60" width="252" height="252" screenWidth="1080" resDensity="480" extraResourcesDensity="320,440,480" extraResources="sw1536-den320:den440:1,sw1200-den320:den320:1" extraScaleByDensity="320:0.7262,440:1" extraScales="sw1536-den320:1,sw1200-den320:0.7262">
	<Var name="SIZE" expression="252" const="true"/>
	<!-- control -->
	<ExternalCommands>
		<!-- 首次使用主题、解锁、返回桌面连续按home键切屏时，将动画播放到最后一帧 -->
		<Trigger action="init,present,back_home_cancel">
			<AnimationCommand target="src_ani" command="play(1000,1000)"/>
			<FolmeCommand target="icon" states="'state_end'" command="setTo" config="'state_config'" />
		</Trigger>
		<!-- 退出APP返回桌面的瞬间 -->
		<Trigger action="back_home_start">
			<AnimationCommand target="src_ani" command="play(0,0)"/>
			<FolmeCommand target="icon" states="'state_init'" command="setTo" config="'state_config'"/>
		</Trigger>
		<!-- 退出APP回到桌面 -->
		<Trigger action="back_home_finish">
			<AnimationCommand target="src_ani" command="play(0,1000)"/>
			<FolmeCommand target="icon" states="'state_init','state_end'" command="fromTo" config="'state_config'" />
		</Trigger>
	</ExternalCommands>
	<!-- module -->
	<Var name="src_ani">
		<VariableAnimation loop="false" initPause="true">
			<AniFrame value="0" time="0"/>
			<AniFrame value="0" time="100"/>
			<AniFrame value="60" time="1000"/>
		</VariableAnimation>
	</Var>
	<FolmeState name="state_init" x="126+20*#ratio" rotation="60*#ratio"/>
	<FolmeState name="state_end" x="126" rotation="0"/>
	<FolmeConfig name="state_config" property="x,rotation" ease="-2,0.9,0.6"/>
	<Var name="srcStr" expression="ifelse(#ratio}0,'L2R','R2L')" type="string"/>
	<!-- view -->
	<Group x="(#SIZE-252)/2-0.3" y="(#SIZE-252)/2-0.3">
		<Image name="icon" srcExp="@srcStr+'_'+int(#src_ani)+'.png'" x="126" y="126" align="center" alignV="center" pivotX="68" pivotY="68" folmeMode="true"/>
	</Group>
</Icon>